аеУћ,адБ№,ФъСф,бЇКХ
БЋдѓгъ,ХЎ,3,231312
БЋдѓгъ,ХЎ,3,231312
БЋдѓгъ,ХЎ,3,231312
БЋдѓгъ,ХЎ,3,231312
БЋдѓгъ,ХЎ,3,231312
БЋдѓгъ,ХЎ,3,231312
БЋдѓгъ,ХЎ,3,231312
БЋдѓгъ,ХЎ,3,231312
БЋдѓгъ,ХЎ,3,231312
БЋдѓгъ,ХЎ,3,231312
БЋдѓгъ,ХЎ,3,231312
БЋдѓгъ,ХЎ,3,231312
БЋдѓгъ,ХЎ,3,231312
БЋдѓгъ,ХЎ,3,231312
БЋдѓгъ,ХЎ,3,231312
БЋдѓгъ,ХЎ,3,231312
БЋдѓгъ,ХЎ,3,231312
БЋдѓгъ,ХЎ,3,231312
БЋдѓгъ,ХЎ,3,231312
БЋдѓгъ,ХЎ,3,231312
БЋдѓгъ,ХЎ,3,231312
БЋдѓгъ,ХЎ,3,231312
БЋдѓгъ,ХЎ,3,231312
БЋдѓгъ,ХЎ,3,231312
БЋдѓгъ,ХЎ,3,231312
БЋдѓгъ,ХЎ,3,231312
БЋдѓгъ,ХЎ,3,231312
БЋдѓгъ,ХЎ,3,231312
БЋдѓгъ,ХЎ,3,231312
БЋдѓгъ,ХЎ,3,231312
БЋдѓгъ,ХЎ,3,231312
БЋдѓгъ,ХЎ,3,231312
БЋдѓгъ,ХЎ,3,231312
БЋдѓгъ,ХЎ,3,231312
БЋдѓгъ,ХЎ,3,231312
БЋдѓгъ,ХЎ,3,231312
БЋдѓгъ,ХЎ,3,231312
БЋдѓгъ,ХЎ,3,231312
БЋдѓгъ,ХЎ,3,231312
БЋдѓгъ,ХЎ,3,231312
